{"cameraMode":{"drawMode":0,"name":"Shaded","section":"Shading Mode"},"sceneLighting":true,"audioPlay":false,"sceneViewState":{"m_AlwaysRefresh":false,"showFog":true,"showSkybox":true,"showFlares":true,"showImageEffects":true,"showParticleSystems":true,"showVisualEffectGraphs":true,"m_FxEnabled":true},"in2DMode":false,"pivot":{"x":-1.7417104244232178,"y":0.19916391372680665,"z":3.524582862854004},"rotation":{"x":0.2974171042442322,"y":0.2955983877182007,"z":-0.09735599160194397,"w":0.9025413990020752},"size":7.277021408081055,"orthographic":false}